<?xml version="1.0" encoding="utf-8" ?>
<?Information 最後更新日期="2017/02/20" ?>
<dataList>
<rows>
<類別>中樞神經抑制劑(麻醉藥品類)</類別>
<藥物名稱>海洛因</藥物名稱>
<俗名>四號、白粉、細仔</俗名>
<分級>第一級毒品</分級>
<醫療用途>無</醫療用途>
<濫用方式>注射吸食</濫用方式>
<說明>　　海洛因(Heroin)之學名為二乙醯嗎啡，是由嗎啡與醋酸酐(Acetic anhydride)加熱反應而得；屬中樞神經抑制劑。吸食後最典型之感覺為興奮及欣快感，但隨之而來的是陷入困倦狀態，長期使用會產生耐受性及心理、生理依賴性，即需增加劑量才可達到主觀相同的效果，一旦停止使用，除產生戒斷反應外，心理的渴藥性是吸毒者最難克服的問題。 　　使用海洛因之副作用包括呼吸抑制、噁心、嘔吐、眩暈、精神恍惚、焦慮、搔癢、麻疹、便秘、膽管痙攣、尿液滯留、血壓降低等。部份病人會產生胡言亂語、失去方位感、運動不協調、失去性慾或性能力等現象。戒斷症狀包括渴藥、不安、打呵欠、流淚、流鼻水、盜汗、失眠、厭食、腹瀉、噁心、嘔吐、發冷、腹痛、肌肉疼痛、『冷火雞』等症狀，約經七至十天症狀會漸趨緩和。　　 海洛因之毒性為嗎啡之10倍，極易中毒，且成癮性強，戒斷症狀甚強，許多國家皆已禁止醫療使用。 濫用者常因共用針頭注射毒品或使用不潔之針頭，而感染愛滋病、病毒性肝炎(B或C型肝炎)、心內膜炎、靜脈炎等疾病。</說明>
<圖片>https://consumer.fda.gov.tw/Files/Drug_Abuse/1/Heroin(無管管局logo) - 檢出Heroin_1.jpg;;https://consumer.fda.gov.tw/Files/Drug_Abuse/1/Heroin(無管管局logo) - 檢出Heroin_2.jpg</圖片>
<圖片文字>海洛因;;海洛因</圖片文字>
</rows>
<rows>
<類別>中樞神經抑制劑(麻醉藥品類)</類別>
<藥物名稱>嗎啡</藥物名稱>
<俗名>魔啡</俗名>
<分級>第一級毒品</分級>
<醫療用途>鎮痛</醫療用途>
<濫用方式>注射口服</濫用方式>
<說明>一、緣起及危害性　　　　鴉片經抽提可得嗎啡(Morphine)，屬中樞神經抑制劑。吸食後最典型之感覺為興奮及欣快感，但隨之而來的是陷入困倦狀態，長期使用會產生耐受性及心理、生理依賴性，即需增加劑量才可達到主觀相同的效果，一旦停止使用，除產生戒斷反應外，心理的渴藥性是吸毒者最難克服的問題。副作用包括呼吸抑制、噁心、嘔吐、眩暈、精神恍惚、焦慮、搔癢、麻疹、便秘、膽管痙攣、尿液滯留、血壓降低等。部份病人會產生胡言亂語、失去方位感、運動不協調、失去性慾或性能力等現象。戒斷症狀包括渴藥、不安、打呵欠、流淚、流鼻水、盜汗、失眠、厭食、腹瀉、噁心、嘔吐、發冷、腹痛、肌肉疼痛、『冷火雞』等症狀，約經七至十天症狀會漸趨緩和。我國將其列為第一級管制藥品及毒品。</說明>
<圖片>https://consumer.fda.gov.tw/Files/Drug_Abuse/288-01.jpg;;https://consumer.fda.gov.tw/Files/Drug_Abuse/2/Morphine(無管管局logo)_併檢出Codeine.jpg</圖片>
<圖片文字>嗎啡 ;;嗎啡</圖片文字>
</rows>
<rows>
<類別>中樞神經抑制劑(麻醉藥品類)</類別>
<藥物名稱>鴉片</藥物名稱>
<俗名>福壽膏、芙蓉膏</俗名>
<分級>第一級毒品</分級>
<醫療用途>無</醫療用途>
<濫用方式>經口吸食</濫用方式>
<說明>一、緣起　　 取自於罌粟(Papaver somniferum)未成熟之蒴果，以刀劃開蒴果之表皮，採集所流出之乳汁，使其凝固後所得即為鴉片(Opium)。二、危害性　　 吸食鴉片最典型之感覺為興奮及欣快感，但隨之而來的是陷入困倦狀態，長期使用會產生藥物耐受性及心理、生理依賴性，即需增加劑量才可達到主觀相同的效果，一旦停止使用，除產生戒斷反應外，心理的渴藥性是吸毒者最難克服的問題。 　　使用鴉片後之副作用包括呼吸抑制、噁心、嘔吐、眩暈、精神恍惚、焦慮、搔癢、麻疹、便秘、膽管痙攣、尿液滯留、血壓降低等。部份病人會產生胡言亂語、失去方位感、運動不協調、失去性慾或性能力等現象。戒斷症狀包括渴藥、不安、打呵欠、流淚、流鼻水、盜汗、失眠、厭食、腹瀉、噁心、嘔吐、發冷、腹痛、肌肉疼痛、『冷火雞』等症狀，約經七至十天症狀會漸趨緩和。</說明>
<圖片>https://consumer.fda.gov.tw/Files/Drug_Abuse/3/鴉片.jpg;;https://consumer.fda.gov.tw/Files/Drug_Abuse/3/鴉片3.jpg;;https://consumer.fda.gov.tw/Files/Drug_Abuse/3/鴉片.bmp</圖片>
<圖片文字>鴉片;;鴉片;;鴉片</圖片文字>
</rows>
<rows>
<類別>中樞神經抑制劑(鎮靜安眠劑)</類別>
<藥物名稱>苯二氮平類</藥物名稱>
<俗名>苯二氮平類</俗名>
<分級>第三級毒品、第四級毒品</分級>
<醫療用途>鎮靜安眠</醫療用途>
<濫用方式>注射、口服</濫用方式>
<說明>一、緣起　　苯二氮平類(Benzodiazepines，BZD)是目前最常用的安眠鎮靜藥物，可分為短效、中效及長效製劑；臨床上常用於安眠、鎮靜、抗焦慮及治療癲癇等用途。二、危害性　　由於該類藥物具成癮性，在國內藥物濫用問題日趨嚴重時刻，Benzodiazepines類藥物被濫用的情形亦有增加之趨勢，如下毒當作強暴犯罪工具（將被害者迷昏予以性侵害）、自殺工具等。　　施用後之副作用包括欲睡、噁心、嘔吐、近期記憶喪失（可逆性）、反彈性失眠、幻覺、憂鬱、呼吸抑制等。服用此類藥物時動作反應可能較為遲緩，應避免使用危險性機器或駕駛汽車；也應避免飲用酒精性飲料或與其它中樞神經抑制劑併用，否則會增加副作用的產生。該類藥品長期使用會產生耐受性、依賴性及出現嗜睡、步履不穩、注意力不集中、記憶力和判斷力減退等症狀；突然停藥可能產生戒斷症狀包括初期的表徵類似焦慮症狀，接著可能會出現焦慮增加、感覺障礙（如感覺異常、畏光、嗜睡、有金屬味覺）、類似流行性感冒症狀、注意力無法集中、疲倦、不安、厭食、頭暈、出汗、嘔吐、失眠、暴躁、噁心、頭痛、肌肉緊張/抽搐、顫抖等症狀。　　使用過量患者，大都呈現肌肉過度鬆弛及深度睡眠狀態，較少造成死亡，惟若與酒精或其它中樞神經抑制劑併用，則危險性大為提高，亦有許多濫用者因精神恍惚造成意外或因吸入嘔吐物而致死。</說明>
<圖片>https://consumer.fda.gov.tw/Files/Drug_Abuse/4/92020101-三唑他(無管管局LOGO)_檢出Triazolam_1.jpg;;https://consumer.fda.gov.tw/Files/Drug_Abuse/4/92050814 - Flunitrazepam(無管管局logo)_檢出Flunitrazepam,Caffeine.jpg;;https://consumer.fda.gov.tw/Files/Drug_Abuse/4/93040928 -Flunitrazepam(無管管局logo)_檢出Flunitrazepam_2.jpg;;https://consumer.fda.gov.tw/Files/Drug_Abuse/4/92030481 -三唑他(無管管局LOGO)_檢出Triazolam_2.jpg;;https://consumer.fda.gov.tw/Files/Drug_Abuse/4/Flunitrazepam(無管管局logo)_檢出Flunitrazepam_3.jpg;;https://consumer.fda.gov.tw/Files/Drug_Abuse/4/92111861 -Flunitrazepam(無管管局logo)_檢出 Flunitrazepam_1.jpg</圖片>
<圖片文字>苯二氮平類;;苯二氮平類;;苯二氮平類;;苯二氮平類;;苯二氮平類;;苯二氮平類</圖片文字>
</rows>
<rows>
<類別>中樞神經抑制劑(鎮靜安眠劑)</類別>
<藥物名稱>佐沛眠(Zolpidem)</藥物名稱>
<俗名>佐沛眠</俗名>
<分級>第四級毒品</分級>
<醫療用途>失眠症的短期治療</醫療用途>
<濫用方式>口服</濫用方式>
<說明>一、緣起                    　　佐沛眠(Zolpidem)為新興的類苯二氮平神經抑制劑，臨床上用於失眠症的短期治療，屬苯二氮平類受體促進劑種類的藥物，但卻無苯二氮平類藥物的化學結構。具有鎮靜、抗痙攣、抗焦慮及肌肉鬆弛的效果，Zolpidem tartrate外觀為白色至灰白色結晶粉末，極不溶於水、酒精及丙醯甘醇(propylene glycol)。　　佐沛眠具有雙向(biphasic)吸收的特徵，因此可迅速由胃腸道吸收，並且在藥物施用後三個小時擴散至血漿中，生物可利用率可達70%。二、危害性        　　由於佐沛眠的鎮靜安眠效果，所以藥物濫用者多在施用甲基安非他命、古柯、MDMA或安非他命等興奮藥物之後，會服用佐沛眠讓自己從興奮狀恢復，但此舉會引起藥物的交互作用，產生不可預期的傷害。　　佐沛眠的副作用依個人之情況會有不同，可能出現眩暈、頭暈、昏暈、心跳加速、迷幻(包括視覺、聽覺或幻覺)、皮膚疹、臉部腫脹、睡眠困難、不正常的興奮、神經質、急躁、哮喘、呼吸困難、跌倒、動作笨拙(clumsiness)、不穩(unsteadiness)、心智沮喪及昏亂(confusion)等。有些臨床案例顯示長期使用Zolpidem會導致藥物依賴與耐受性，且停止使用佐沛眠會有輕微的戒斷症狀。但有些則有腹部及肌肉痙攣、嘔吐、冒汗、顫抖等較嚴重症狀，同時也經常伴隨反彈性失眠(rebound insomnia)的症狀。藥物施用過量會有動作笨拙或不穩、眩暈、複視或其他視覺問題、昏昏欲睡、嘔吐、呼吸混亂(troubled breathing)、心跳減慢、噁心等較嚴重的症狀發生。若懷孕期間服用鎮靜安眠類藥物，會使胎兒於出生之後就有戒斷症狀發生的可能性，此外，也有報導指出可能會引起胎兒肌肉軟弱等現象。　　佐沛眠之濫用性(特別是Ambien brand)漸漸地受到年輕人的青睞，藥物濫用者宣稱強迫自己“抵抗”此藥物的作用，若強迫讓自己保持清醒可引起視幻(vivid visual)及興奮，但此舉並非人體的自然反應，容易導致意外的產生。</說明>
<圖片>https://consumer.fda.gov.tw/Files/Drug_Abuse/5/Zolpidem(無管管局logo)_1 .jpg;;https://consumer.fda.gov.tw/Files/Drug_Abuse/5/Zolpidem(無管管局logo)_2.jpg</圖片>
<圖片文字>Zolpidem;;Zolpidem</圖片文字>
</rows>
<rows>
<類別>中樞神經抑制劑(鎮靜安眠劑)</類別>
<藥物名稱>巴比妥酸鹽類(Barbiturates)</藥物名稱>
<俗名>巴比妥酸鹽類</俗名>
<分級>第三級毒品、第四級毒品</分級>
<醫療用途>鎮靜、安眠</醫療用途>
<濫用方式>注射、口服、吸食</濫用方式>
<說明>一、緣起        　　巴比妥酸鹽類(Barbiturates)屬中樞神經抑制劑，臨床上用於治療失眠、鎮靜、誘導麻醉及癲癇等。巴比妥酸鹽安眠鎮靜劑是早期開發用於治療焦慮、失眠之安眠鎮靜劑，因使用後會產生宿醉之作用(Hangover)較苯二氮平類(Benzodiazepines)安眠鎮靜劑嚴重，易產生生理依賴性，臨床上已較少使用。　　這類藥品中常被濫用者主要為Secobarbital (Seconal)因其藥品膠囊外觀為紅色，故俗稱紅中；Amobarbital(Amytal)因其藥品膠囊為青色，所以俗稱為青發。二、危害性　　此類藥物因會抑制中樞神經，造成意識障礙，偶爾有欣快感。長期使用會產生耐受性、依賴性及出現嗜睡、步履不穩、注意力不集中、記憶力和判斷力減退等症狀。服用過量會造成運動失調、暈眩、呼吸困難、低血氧、酸中毒、循環障礙、視覺障礙、昏迷、甚至致死。突然停藥會有戒斷症狀發生，如頭痛、噁心、虛弱、焦慮不安、盜汗、顫抖、腹部疼痛、甚至產生發燒、痙攣、昏迷致死。</說明>
<圖片>https://consumer.fda.gov.tw/Files/Drug_Abuse/302-01.jpg;;https://consumer.fda.gov.tw/Files/Drug_Abuse/6/青發.jpg;;https://consumer.fda.gov.tw/Files/Drug_Abuse/6/紅中.jpg</圖片>
<圖片文字>巴比妥酸鹽類 ;;青發.jpg;;紅中.jpg</圖片文字>
</rows>
<rows>
<類別>中樞神經抑制劑(其他類)</類別>
<藥物名稱>愷他命(Ketamine)</藥物名稱>
<俗名>卡門、K他命、K仔、Special K、Cat Valium</俗名>
<分級>第三級毒品</分級>
<醫療用途>手術痲醉</醫療用途>
<濫用方式>口服、鼻吸、煙吸、注射</濫用方式>
<說明>一、緣起　　Ketamine(愷他命、K他命)俗稱K仔、Special K或K，為非巴比妥鹽類之麻醉、止痛劑，與PCP(Phencycline)同屬芳基環己胺類結構，是一種用於人或動物麻醉之速效、全身性麻醉劑，常用於診斷或不需肌肉鬆弛之手術，尤其適合用於短時間之小手術或全身麻醉時誘導之用。二、危害性　　使用愷他命較常見之副作用為心搏過速、血壓上升、震顫、肌肉緊張而呈強直性、陣攣性運動等，部分病人在恢復期會出現不愉快的夢、意識模糊、幻覺、無理行為及胡言亂語，發生率約12％。　　Ketamine之藥效可維持1小時，但影響吸食者感覺、協調及判斷力則可長達16至24小時，並可產生噁心、嘔吐、複視、視覺模糊、影像扭曲、暫發性失憶及身體失去平衡等症狀。長期使用會產生耐受性及心理依賴性，造成強迫性使用，且不易戒除。</說明>
<圖片>https://consumer.fda.gov.tw/Files/Drug_Abuse/7/檢出愷他命(無管管局logo).jpg;;https://consumer.fda.gov.tw/Files/Drug_Abuse/7/愷他命(無管管局logo)-檢出acetaminophen,ketamine,methylephedrine.jpg</圖片>
<圖片文字>K他命;;K他命</圖片文字>
</rows>
<rows>
<類別>中樞神經抑制劑(其他類)</類別>
<藥物名稱>液態搖頭丸(GHB)</藥物名稱>
<俗名>液態搖頭丸、Liquid Ecstasy、Georgia Home Boy、G水</俗名>
<分級>第二級毒品</分級>
<醫療用途>無</醫療用途>
<濫用方式>口服</濫用方式>
<說明>一、緣起　　GHB俗稱Liquid Ecstasy、Georgia Home Boy或G水。是一種澄清無嗅液體，有白色粉末、藥片和膠囊等劑型。1960年首次由法國化學家Dr. H. Laborit合成，具鎮靜及麻醉效果，屬於中樞神經抑制劑。二、危害性　　服用GHB 後約15 分鐘產生之不良反應，會依所使用之劑量不同，產生昏睡、暈眩、噁心、暫時記憶性喪失、視幻覺、血壓心搏減慢、痙攣、呼吸抑制、昏迷等。施用大劑量產生之中毒症狀包括心搏徐緩、痙攣性肌肉收縮、胡言亂語、幻覺性幻想（Dream-like confusional state）、知覺喪失、嘔吐、腹痛、高鈣症、代謝性鹼中毒、肝衰竭、震顫、痙攣、昏迷、嚴重呼吸抑制、暴力或自殘行為、輕躁症、尿失禁等不良反應。GHB常被認為具欣快與幻覺作用及增強性能力（Enhancer of sexual activity)而被濫用。　　由於GHB無臭、無味、易溶於水，方便加入飲料中，加上前述作用，近年來常被利用為性犯罪工具，而列為約會強暴丸。在美國GHB與Ketamine和FM2同列為約會強暴丸，並被列為第一級管制藥品。目前國內列為第二級管制藥品及毒品。</說明>
<圖片>https://consumer.fda.gov.tw/Files/Drug_Abuse/8/檢出GHB(無管管局logo)_1.jpg;;https://consumer.fda.gov.tw/Files/Drug_Abuse/8/檢出GHB(無管管局logo)_2.jpg;;https://consumer.fda.gov.tw/Files/Drug_Abuse/8/檢出GHB(無管管局logo)_3 .jpg</圖片>
<圖片文字>液態搖頭丸;;液態搖頭丸;;液態搖頭丸</圖片文字>
</rows>
<rows>
<類別>中樞神經興奮劑(古柯類)</類別>
<藥物名稱>古柯鹼</藥物名稱>
<俗名>可卡因、快克(Crack)</俗名>
<分級>第一級毒品</分級>
<醫療用途>局部麻醉、止流鼻血</醫療用途>
<濫用方式>經口鼻吸煙吸</濫用方式>
<說明>一、緣起　　 古柯鹼於1855年從古柯植物葉中提取的一種生物鹼，經與鹼加熱反應去除鹽酸，可製得俗稱快克(Crack)之產物。古柯鹼在1880年代被引進美國，並於1980年代開始盛行，隨後逐漸蔓延至歐洲、印度等地，成為嚴重的藥物濫用問題。二、危害性　　古柯鹼屬終須神經興奮劑，亦具有局部麻醉及血管收縮作用，臨床上大多用於眼科及耳鼻喉科局部麻醉之用。吸食初期會產生欣快感、精力旺盛、注意力敏銳、思路清晰等主觀感覺，使用劑量增加後則會產生視幻覺、觸幻覺、聽幻覺、感覺扭曲、多疑、猜忌、妄想等精神症狀。 　　　　濫用者以鼻吸方式施用，往往會使鼻粘膜血管收縮，造成鼻子輕微出血的現象。當反覆吸入使用則會造成慢性鼻炎，有些人更因血管收縮出現鼻中隔穿孔症狀。使用過量會產生胡言亂語、呼吸衰竭、心臟麻痺等症狀，甚至導致死亡。懷孕婦女如長期使用古柯鹼會造成流產、早產、胎兒體重過輕與腦部發育受損等情況。　　濫用古柯鹼會產生生理及心理上的依賴性，長期使用或僅藉古柯鹼狂歡幾天，突然停止使用即產生憂鬱、焦慮、渴求藥物而變為全身疲勞、嗜睡等現象，經喚醒後發生過度攝食、繼續再睡、憂鬱及快感缺乏等現象之戒斷症狀。</說明>
<圖片>https://consumer.fda.gov.tw/Files/Drug_Abuse/290-01.jpg;;https://consumer.fda.gov.tw/Files/Drug_Abuse/9/古柯鹼1.jpg</圖片>
<圖片文字>古柯鹼;;古柯鹼</圖片文字>
</rows>
<rows>
<類別>中樞神經興奮劑(安非他命及相似濫用物質)</類別>
<藥物名稱>(甲基)安非他命</藥物名稱>
<俗名>冰塊，安公子，冰糖，安仔，炮仔，鹽</俗名>
<分級>第二級毒品</分級>
<醫療用途>無</醫療用途>
<濫用方式>經口，煙吸，注射</濫用方式>
<說明>一、緣起     　　甲基安非他命是安非他命的一種衍生物，其脂溶性較高，藥效較快產生，一般市面上查獲的多屬甲基安非他命。二、危害性　　 安非他命與（甲基）安非他命均屬中樞神經興奮劑，使用者於初用時會有提神、疲勞感消失、活動力增加、食慾減退、欣快感及衝動、心跳加快與體溫升高等。長期使用會造成依賴性（心理及生理）及成癮性，並且會出現妄想型精神分裂症，症狀包括猜忌、多疑、妄想、情緒不穩、易怒、視幻覺、聽幻覺、觸幻覺、強迫或重覆性的行為及睡眠障礙等，也常伴有自殘、暴力攻擊行為等。成癮後一旦停止吸食，便會產生戒斷症狀，包括疲倦、沮喪、焦慮、易怒、全身無力等。　　因安非他命具有抑制食慾的作用，常被不法人士摻入非法減肥藥中非法販賣，使用藥者在不知情的情況成癮，並造成精神分裂、妄想症等副作用。</說明>
<圖片>https://consumer.fda.gov.tw/Files/Drug_Abuse/10/(甲基)安非他命 (無管管局logo).jpg</圖片>
<圖片文字>(甲基)安非他命</圖片文字>
</rows>
<rows>
<類別>中樞神經興奮劑(安非他命及相似濫用物質)</類別>
<藥物名稱>PMA</藥物名稱>
<俗名>“Chicken Yellow”或“Chicken Powder”</俗名>
<分級>第二級毒品</分級>
<醫療用途>無</醫療用途>
<濫用方式>口服</濫用方式>
<說明>一、緣起　　副甲氧基安非他命(PMA)係屬安非他命類似物，以“Ecstasy”或“MDA”的名義販賣。PMA之作用與MDMA相似，但PMA毒性較MDMA為大。二、危害性　　屬中樞神經興奮劑及幻覺劑，施用後的不良作用包括中樞神經及交感神經興奮作用、體溫上升、心跳速率加快，產生異常亢奮、脫水、心律不整、血壓上升、抽搐痙攣、幻覺等現象，易造成中風或腦內出血，嚴重則會導致死亡。</說明>
<圖片>https://consumer.fda.gov.tw/Files/Drug_Abuse/12/檢出PMA(無管管局logo)1_併檢出MDA,MDMA,PCP,PMMA,Ketamine.jpg;;https://consumer.fda.gov.tw/Files/Drug_Abuse/12/檢出PMA(無管管局logo)3_併檢出MDA,MDMA,PCP,PMMA,Ketamine.jpg</圖片>
<圖片文字>PMA;;PMA</圖片文字>
</rows>
<rows>
<類別>中樞神經興奮劑(安非他命及相似濫用物質)</類別>
<藥物名稱>搖頭丸</藥物名稱>
<俗名>狂喜、忘我、綠蝴蝶 、MDMA</俗名>
<分級>第二級毒品</分級>
<醫療用途>無</醫療用途>
<濫用方式>口服</濫用方式>
<說明>一、緣起　　 搖頭丸的學名為亞甲雙氧甲基安非他命(3,4-Methylenedioxymethamphetamine) 簡稱MDMA，化學結構類似安非他命，具有安非他命的興奮作用及三甲氧苯乙胺（Mescaline）之迷幻作用。與MDA（3,4-Methylenedioxyamphetamine，暱稱Love Drug或Mellow Drug of America）及MDE（3,4-Methylenedioxyethamphetamine，俗稱夏娃或Eve）皆為同類化合物。MDMA俗稱Ecstasy、E、XTC、M、AKA、忘我、亞當、狂喜、快樂丸、搖頭丸、綠蝴蝶；並常以各種不同顏色、圖案之錠劑、膠囊或粉末出現，很難從外觀來辨識，但多以口服方式使用。 二、危害性　　使用MDMA會產生與安非他命及古柯鹼相似之副作用，精神症狀如混淆不清、抑鬱、睡眠問題、渴求藥物、嚴重焦慮，並在使用期間或數週後產生誇大妄想等；生理症狀會產生食慾不振、心跳加快、精力旺盛、運動過度、肌肉緊張、不隨意牙關緊閉、噁心、嘔吐、視力模糊、眼球快速轉動、軟弱無力、寒顫或流汗、疲倦及失眠等症狀。施用過量會產生中毒症狀，包括體溫過高(可高達43℃)、脫水、低血鈉、急性高血壓、心律不整、凝血障礙、橫紋肌溶解及急性腎衰竭等症狀，嚴重者可能導致死亡。 　　醫學研究證實，一般用量的MDMA濫用者在注意力（警覺力）、記憶力、學習能力、一般智力等認知功能方面，皆有明顯退化的現象。根據2000年德國的學者提出一篇研究報告，針對28位年齡介於18-29歲之間的MDMA濫用者來進行綜合性認知測驗，這些濫用者平均每次使用1.4顆藥，一個月平均使用2.4次。結果發現，這些MDMA濫用者在簡單的注意力(警覺力)測驗表現沒有顯著的影響；但是在比較複雜的注意力測驗，以及記憶力和學習能力測驗，與反映一般智力方面的測驗，皆明顯表現得比控制組來得差。這些認知上的異常可能與MDMA本身的神經毒性有關。另一方面，亦發現如果濫用者同時使用MDMA與大麻者，在認知方面的表現則又顯得更加退化。 2001年加拿大多倫多大學的研究人員也發表了一篇研究報告，更進一步證實了持續使用MDMA與進行性的記憶衰退有很大的關連。他們針對15名年齡介於17-31歲的MDMA濫用者進行了長達一年的研究。這些濫用者每次使用50-300 mg(約0.5-3顆)的MDMA，每個月平均使用2.4次。結果發現，這些MDMA濫用者的記憶力情況，無論是即刻性回憶(Immediate recall)或者是延遲性回憶(Delayed recall)，皆呈現出顯著退化的現象。由此可知，搖頭丸即使只是週末假日使用，就足以讓健康的青少年造成記憶力、智力等認知功能的退化。　　由於MDMA無醫療用途，全由非法途逕取得，其所含純MDMA成分多半不高，有時甚至完全不含MDMA；另外也會摻加甲基安非他命、咖啡因、MDA、MDE、Ketamine或混含其他有害雜質，藥效強弱不一，更增加其毒性副作用。又由於MDMA會減弱自我控制能力，加上易產生不會受到傷害的幻覺，服用者可能會對自身行為安全掉以輕心，而造成意外傷害。</說明>
<圖片>https://consumer.fda.gov.tw/Files/Drug_Abuse/11/MDMA(無管管局logo)1_併檢出Amphetamine,Caffeine.jpg;;https://consumer.fda.gov.tw/Files/Drug_Abuse/11/檢出MDMA(無管管局logo)3_併檢出MDA,PMA,PCP,PMMA,Ketamine.jpg;;https://consumer.fda.gov.tw/Files/Drug_Abuse/11/MDMA(無管管局logo)4_併檢出Methamphetamine,2C-B.jpg;;https://consumer.fda.gov.tw/Files/Drug_Abuse/11/檢出MDMA(無管管局logo)2_併檢出MDA,PMA,PCP,PMMA,Ketamine.jpg;;https://consumer.fda.gov.tw/Files/Drug_Abuse/11/MDMA(無管管局logo)5_併檢出Methamphetamine,PMMA,Ketamine,Fenfluramine.jpg;;https://consumer.fda.gov.tw/Files/Drug_Abuse/11/檢出MDMA(無管管局logo)6-14 - 複製.jpg;;https://consumer.fda.gov.tw/Files/Drug_Abuse/11/檢出MDMA(無管管局logo)8.jpg;;https://consumer.fda.gov.tw/Files/Drug_Abuse/11/檢出MDMA(無管管局logo)7.jpg</圖片>
<圖片文字>搖頭丸;;搖頭丸;;搖頭丸;;搖頭丸;;搖頭丸;;搖頭丸;;搖頭丸;;搖頭丸</圖片文字>
</rows>
<rows>
<類別>中樞神經迷幻劑</類別>
<藥物名稱>大麻</藥物名稱>
<俗名>草、麻仔、老鼠尾巴或飯。濫用大麻的行為濫用者稱為「呼麻」及「開飯」</俗名>
<分級>第二級毒品</分級>
<醫療用途>無</醫療用途>
<濫用方式>口服、煙吸</濫用方式>
<說明>一、緣起　　大麻(Marijuana)為耐寒的一年生草本植物，生長在溫帶或熱帶氣候，植株高約4米製5米，掌狀複葉，雌雄異株，蒴果卵形有棱，成熟期約4至5月，種子深綠色。大麻纖維植物的化學組成極為複雜，其中cannabinoids成分對中樞神經有明顯作用。已知的大麻酚約60幾種，其中以四氫大麻酚(Tetrahydrocannabinol, THC)、大麻二酚(cannabidol)及大麻酚(cannabinol)等，對動物和人體均具生理活性作用，且以四氫大麻酚之生理活性作用為最強。二、危害性　　 屬於中樞神經迷幻劑。吸食後會產生心跳加快、妄想、幻覺、口乾、眼睛發紅等現象。長期使用會產生耐受性及心理依賴性，使得使用的劑量或次數增加。 一旦產生依賴性，突然停用會產生厭食、焦慮、不安、躁動、憂鬱、睡眠障礙等戒斷症狀。急性中毒時會產生記憶及認知能力減退、焦慮、憂鬱、多疑、失去方向感等症狀，長期使用會造成記憶、學習及認知能力減退、體重增加、免疫力降低、不孕症、精子減少、精子活動減退及對周遭事務漠不關心之「動機缺乏症候群」。懷孕婦女吸食大麻常會造成早產、胎兒體重偏低。吸食大麻就像香菸一樣，吸食者罹患癌症的機率都較高；且大麻帶來的幻覺作用會造成知覺異常，常導致交通事故等公共危險傷害的原因。</說明>
<圖片>https://consumer.fda.gov.tw/Files/Drug_Abuse/16/檢出Tetrahydrocannabinol(無管管局logo)1.jpg;;https://consumer.fda.gov.tw/Files/Drug_Abuse/16/檢出Tetrahydrocannabinol(無管管局logo) 2.jpg;;https://consumer.fda.gov.tw/Files/Drug_Abuse/16/吸食器、大麻膏、大麻葉(無管管局logo).jpg;;https://consumer.fda.gov.tw/Files/Drug_Abuse/16/大麻葉(無管管局logo).jpg;;https://consumer.fda.gov.tw/Files/Drug_Abuse/16/大麻膏(無管管局logo).jpg;;https://consumer.fda.gov.tw/Files/Drug_Abuse/16/大麻菸(無管管局logo).jpg</圖片>
<圖片文字>大麻;;大麻菸;;吸食器、大麻膏、大麻葉;;大麻葉;;大麻膏;;大麻菸</圖片文字>
</rows>
<rows>
<類別>中樞神經迷幻劑</類別>
<藥物名稱>麥角二乙胺(LSD)</藥物名稱>
<俗名>一粒沙、搖腳丸、ELISA、加州陽光、白色閃光、方糖、Acid 、Broomer</俗名>
<分級>第二級毒品</分級>
<醫療用途>無</醫療用途>
<濫用方式>口服、舌下</濫用方式>
<說明>一、緣起　　 LSD(Lysergic acid diethylamide)學名為麥角二乙胺，1938年首次由麥角菌（一種生長在黑麥或其他穀物中的真菌）之成分麥角酸合成而來，目前多由麥角素半合成而得，為無嗅、稍帶苦味之白色結晶體。二、濫用方式　　 其可與其他賦形劑混合作成錠劑、丸劑；或作成膠狀、液體滴在吸墨紙、方糖、郵票狀紙片等傳遞物上或溶於飲料中；也可作成注射劑或雪茄，以供口服、抽吸或注射。目前台灣查獲的LSD多作成深褐色、類似沙狀的藥丸，故俗稱一粒沙。三、危害性　　其為最強烈的中樞神經迷幻劑，使用後30到90分鐘會發揮效果，約在12小時後才會消失藥效。其效果因人而異，與所用劑量、濫用者的人格、心情及週遭環境皆有關係。生理上會有瞳孔放大，體溫、心跳及血壓上升、口乾、震顫、噁心、嘔吐、頭痛等現象；情緒及心理上產生欣快感、判斷力混淆、失去方向感及脫離現實感、錯覺及幻覺，感覺異常，嚴重者還會出現焦慮、恐慌、胡言亂語、精神分裂症、自殘、自殺等暴力行為。若施用過量會導致抽搐、昏迷，甚至死亡。長時間使用會產生耐受性、心理及生理依賴性，並產生「倒敘現象」－即使已經很久沒有使用LSD，但精神症狀或幻覺仍會不預警地隨時發生。許多濫用者係因判斷力混淆、幻覺及脫離現實感，因而對自身行為安全掉以輕心。</說明>
<圖片>https://consumer.fda.gov.tw/Files/Drug_Abuse/17/檢出LSD(無管管局logo)_併檢出ketamine.jpg;;https://consumer.fda.gov.tw/Files/Drug_Abuse/17/麥角乙二胺-1.jpg;;https://consumer.fda.gov.tw/Files/Drug_Abuse/17/LSD.jpg</圖片>
<圖片文字>LSD;;LSD;;LSD</圖片文字>
</rows>
<rows>
<類別>吸入性濫用物質</類別>
<藥物名稱>氧化亞氮</藥物名稱>
<俗名>笑氣、吹氣球</俗名>
<分級></分級>
<醫療用途>手術痲醉</醫療用途>
<濫用方式>鼻吸</濫用方式>
<說明>一、緣起　　Nitrous oxide(N2O,氧化亞氮)學名為一氧化二氮或氧化亞氮，在常溫常壓下為無色、無味氣體，於醫療使用上須與O2併用，但因本身的效力無法達到深度的手術麻醉，故一般僅用於手術前的麻醉誘導或牙科手術，若與其他麻醉藥併用，有加乘作用。二、危害性　　 為短效的吸入性全身麻醉劑，吸入約15到30秒即可產生欣快感，並可持續2到3分鐘，同時可能會伴隨著臉潮紅、暈眩、頭臉的刺痛感、低血壓反射心跳加速、甚至暈厥及幻覺。氧化亞氮會使與維生素B12合成及代謝有關的酵素失去活性，因而影響有維生素B12參與的正常生理功能。因氧化亞氮無色、無味，容易讓人不知不覺中吸入過量，一旦吸入濃度大於80 ﹪或長期慢性使用約2到3個月，則會產生周邊神經病變，如麻痺、耳鳴、不能平衡、衰弱、反射減弱及亞急性脊髓合併退化等症狀，並可能產生精神疾病，如幻覺、失憶、憂鬱等，另外可能產生的副作用尚有肺氣腫、氣胸等。因醫療使用氧化亞氮時，都會加入70%-80%的氧氣，但時下青少年則未使用氧氣，常與酒精或其他藥物併用，容易有中毒危險，會造成嚴重身心傷害。</說明>
<圖片>https://consumer.fda.gov.tw/Files/Drug_Abuse/301-01.jpg;;https://consumer.fda.gov.tw/Files/Drug_Abuse/301-02.jpg</圖片>
<圖片文字>氧化亞氮 ;;氧化亞氮</圖片文字>
</rows>
<rows>
<類別>吸入性濫用物質</類別>
<藥物名稱>強力膠</藥物名稱>
<俗名>吸食強力膠或有機溶劑稱為「煉丹」</俗名>
<分級></分級>
<醫療用途>無</醫療用途>
<濫用方式>吸入</濫用方式>
<說明>一、緣起　　 吸食強力膠及其它有機溶劑是國內青少年最常見之濫用物質之一。強力膠中主要溶劑為甲苯，而常見的有機溶劑如汽油、打火機油、修正液、油漆稀釋劑、噴霧劑、抗凍劑、油污清除劑等，其所含溶劑依化學成份可分為芳香族烴如苯、甲苯、二甲苯；脂肪族烴如正丁烷；鹵化烷如三氯乙烯、氯仿、氟氯化碳；醚類如乙醚；酯類如乙酸乙酯；酮類如丙酮；醇類如甲醇、乙二醇等。二、危害性　　吸食15～20次或數分鐘後，施用者會有興奮、幻覺及欣快感，覺得飄飄然可幻想許多影像及聲音，且對外界刺激極為敏感，容易衝動而產生偏差之行為；有時伴有噁心、嘔吐，而後隨之而來的是中樞神經抑制作用，症狀包括眩暈、運動失調、頭昏眼花、說話不清、失去方向感等，倘吸食量繼續增加，則會產生幻覺、妄想、時空扭曲等症狀。 　　 吸食者常將強力膠或有機溶劑裝於塑膠袋，而後掩住口鼻吸入揮發氣體，吸食者在迷幻、意識不清的情形下，常因未將塑膠袋移開而窒息死亡，此外，亦因心律不整、心臟衰竭、呼吸道痙攣、吸入嘔吐物或意外傷害而導致死亡。長期使用有機溶劑會產生器官的傷害，如四氯化碳會造成肝臟壞死，苯、甲苯會產生骨髓抑制及中樞神經傷害，己烷會造成周邊神經病變，三氯乙烯會產生肝臟傷害、腎衰竭、心肌炎等，且也可能產生心理依賴及耐受性。吸食強力膠較少產生生理依賴及戒斷症狀，但心理依賴卻很常見。吸食者之辨識方法，可由類似酒醉行為、呼吸、身體、衣物及待過環境中發現溶劑的味道，與長期使用者因塑膠袋口與嘴接觸易造成口鼻周圍紅疹。</說明>
<圖片>https://consumer.fda.gov.tw/Files/Drug_Abuse/306-01.JPG;;https://consumer.fda.gov.tw/Files/Drug_Abuse/306-02.JPG</圖片>
<圖片文字>強力膠;;強力膠</圖片文字>
</rows>
<rows>
<類別>吸入性濫用物質</類別>
<藥物名稱>亞硝酸酯類</藥物名稱>
<俗名>Amyl nitrite：Poppers；Butyl nitrite與Isobutyl nitrite俗稱Rush</俗名>
<分級></分級>
<醫療用途>1.心絞痛、緩解腎炎或膽囊炎引起之腹痛、氰化物中毒輔助治療劑。2.非醫療用途:空間芳香劑</醫療用途>
<濫用方式>舌下、吸入、貼片</濫用方式>
<說明>一、緣起　　Nitrites原用於治療心絞痛、氰化物中毒的輔助治療劑以及空間芳香劑。烷基亞硝酸酯類屬Nitrites的一種，因會釋出Nitric oxide ( NO )，具有平滑肌鬆弛劑之作用，近年來被男同性戀非法使用，作為增加性享樂(Sexual pleasure)之用。二、危害性　　常見不良作用包括頭暈、心悸、視力模糊、頭痛、嘔吐、鼻子灼傷、變性血紅素貧血症、低血壓、反射性心搏過速等。當皮膚接觸Butyl nitrite而出現硬皮的傷口，顯示發生過敏反應，這些傷口大多出現在鼻子、嘴唇、陰囊及陰莖的周圍。且因揮發性亞硝酸酯類具有可燃性與爆炸性，故灼傷為不可忽視之危險性。近年來男同性戀者有濫用揮發性亞硝酸酯類的情況，且施用後性行為浮濫，常成為罹患愛滋病和Kaposi&apos;s sarcoma (卡波西氏肉瘤)的高危險群。</說明>
<圖片>https://consumer.fda.gov.tw/Files/Drug_Abuse/522-01.jpg;;https://consumer.fda.gov.tw/Files/Drug_Abuse/522-02.jpg</圖片>
<圖片文字>亞硝酸酯類1;;亞硝酸酯類2</圖片文字>
</rows>
<rows>
<類別>中樞神經迷幻劑</類別>
<藥物名稱>類大麻活性物質（K2）</藥物名稱>
<俗名>K2、Spice、Bilss、Black Mamba、Bombay Blue、Fake Weed、Genie、Zoha</俗名>
<分級>第三級毒品</分級>
<醫療用途>無</醫療用途>
<濫用方式>以煙吸方式居多，少數摻入茶內。</濫用方式>
<說明>一、緣起          　　K2或Spice是摻有類大麻活性物質（化學結構類似四氫大麻酚化合物）的草葉類混合物。這些化合物包含HU-210、HU-211、CP47,497、JWH-018、JWH-073等。        JWH-018及JWH-073為1995年Clemson University研究人員，John W. Huffman所研發，主要用於THC(tetrahydrocannabinol)受體的研究，之後又研發一系列之JWH藥物。CP47,497為1980年輝瑞製藥工廠研發製造，為一種止痛藥。HU-210由以色列Hebrew University於1988年首次合成。HU-210、CP47,497、JWH-018、JWH-073、JWH-250、JWH-122與AM-2201均屬類大麻活性物質，其活性均遠較大麻所含之四氫大麻酚之效用為強。         二、危害性　　服用一定劑量HU-210、CP47,497、JWH-018、JWH-073、JWH-250、JWH-122或AM-2201後 ，即會產生如服用大麻之作用，會造成焦慮、噁心、幻覺、妄想、心動過速、情緒加劇、短期失憶、記憶受損、無方向感、意識混亂、狂躁、中度興奮、腦部認知功能改變、逐漸喪失協調性與專注力或昏迷之副作用，甚至會傷害呼吸系統，持續使用並會產生如同大麻之成癮性與戒斷症狀</說明>
<圖片>https://consumer.fda.gov.tw/Files/Drug_Abuse/23/K2.jpg;;https://consumer.fda.gov.tw/Files/Drug_Abuse/23/類大麻活性物質JWH-018.jpg;;https://consumer.fda.gov.tw/Files/Drug_Abuse/23/類大麻活性物質JWH-018 (2).jpg</圖片>
<圖片文字>K2;;類大麻活性物質;;類大麻活性物質</圖片文字>
</rows>
<rows>
<類別>中樞神經興奮劑(安非他命及相似濫用物質)</類別>
<藥物名稱>4-甲基甲基卡西酮（Mephedrone）</藥物名稱>
<俗名>喵喵（Meow Meow）</俗名>
<分級>第三級毒品</分級>
<醫療用途>無</醫療用途>
<濫用方式>口服，常與愷他命併用。</濫用方式>
<說明>一、緣起　　 Mephedrone之化學名為4-methylmethcathinone（簡稱4-MMC），施用後會產生類似甲基安非他命與搖頭丸的效果，但因作用時間短，故施用者會不斷追加劑量。二、危害性(一)呼吸系統方面會有嚴重鼻出血、鼻灼熱感、呼吸困難等情況。(二)心臟血管方面會有心臟病發作、嚴重的血管收縮、血壓上升、心悸、心律不整、潮紅、胸痛、多汗、四肢冰冷等症狀。(三)精神症狀方面會引起幻覺、妄想、錯覺、焦慮、憂鬱、激動不安、興奮。(四)神經系統問題有短期記憶喪失、記憶力不集中、瞳孔放大等。(五)肌肉骨骼系統問題則有痙攣或抽蓄、牙關緊閉、磨牙。　　 根據國外資料顯示，Mephedrone是在2008年間，由中國輸出至歐洲及澳洲、紐西蘭等地區，目前已造成多起死亡個案。有1名英國女孩吃了1顆混有愷他命與Mephedrone的藥物，數小時後不幸身亡；另有1名英國男性使用後18小時，開始出現幻覺，認為有蟲在身上爬並且不斷啃咬，最後竟把睪丸扯下。2010年四月中旬，英國已將其列為B級管制，德國、瑞典、法國等國家則列為非法藥物，加強管理。在2010年，國內開始發現Mephedrone的蹤跡，同年5月造成1名17歲少女使用後暴斃的案例。。</說明>
<圖片>https://consumer.fda.gov.tw/Files/Drug_Abuse/24/檢出Mephedrone成分_2 .jpg;;https://consumer.fda.gov.tw/Files/Drug_Abuse/24/檢出Mephedrone,Methylone,Caffine_1.jpg;;https://consumer.fda.gov.tw/Files/Drug_Abuse/24/檢出Mephedrone成分_1.jpg;;https://consumer.fda.gov.tw/Files/Drug_Abuse/24/檢出Mephedrone成分_3 .jpg</圖片>
<圖片文字>驗出Mephedrone成分;;驗出Mephedrone成份;;驗出Mephedrone成份;;驗出Mephedrone成份</圖片文字>
</rows>
<rows>
<類別>中樞神經興奮劑(安非他命及相似濫用物質)</類別>
<藥物名稱>PMMA</藥物名稱>
<俗名>另類搖頭丸</俗名>
<分級>第二級毒品</分級>
<醫療用途>無</醫療用途>
<濫用方式>口服</濫用方式>
<說明>副甲氧基甲基安非他命（para-methoxymethamphetamine、PMMA ），有類似MDMA副作用，會使心跳加快血壓體溫上升，PMMA未如MDMA般，產生幻覺的效果，PMMA的產生效果指數較MDMA低，且在產生效果的劑量就達到毒性劑量，PMMA較PMA無刺激活性，副作用：降低說話及與他人互動的動力，另會產生冒汗、重度眼球震顫、身體僵硬、胃痛及頭痛等症狀。目前列為第二級管制藥品及第三級毒品。</說明>
<圖片>https://consumer.fda.gov.tw/Files/Drug_Abuse/13/PMMA - (無管管局logo).jpg;;https://consumer.fda.gov.tw/Files/Drug_Abuse/13/PMMA (無管管局logo).jpg</圖片>
<圖片文字>PMMA;;PMMA</圖片文字>
</rows>
<rows>
<類別>中樞神經迷幻劑</類別>
<藥物名稱>5-MeO-DIPT</藥物名稱>
<俗名>火狐狸</俗名>
<分級>第四級毒品</分級>
<醫療用途>無</醫療用途>
<濫用方式>口服</濫用方式>
<說明>一、緣起　　5-MeO-DIPT屬色胺類（Tryptamine）物質，具有幻覺效果，為安非他命之衍生物，無醫療用途。二、危害性　　 屬中樞迷幻劑，其副作用包括使瞳孔放大、噁心、下顎緊閉、肌肉緊張過度、高血壓及心跳過速等症狀，過量使用具致命危險。文獻記載，一名29 歲男子為尋找性樂趣而使用5-MeO-DIPT，導致急性心臟衰竭死亡，驗屍結果顯示，該名男子的心臟和肝臟呈現動脈炎、心肌局部缺血、白血球增多及肺部充血等現象。另有多數案例亦證實5-MeO-DIPT 具有顯著之毒性。5-MeO-DIPT 在國外常被當做俱樂部藥物，因其潛藏之致命危險性，德國、美國與新加坡等國家分別於1999 年、2003 年及2006 年將5-MeO-DIPT 列為第一級管制物質；此外，希臘、丹麥、瑞典及日本亦陸續將其列為管制物質。</說明>
<圖片>https://consumer.fda.gov.tw/Files/Drug_Abuse/15/5-MeO-DIPT_2 (無管管局logo).jpg;;https://consumer.fda.gov.tw/Files/Drug_Abuse/15/5-MeO-DIPT_(無管管局logo).jpg</圖片>
<圖片文字>5-MeO-DIPT;;5-MeO-DIPT</圖片文字>
</rows>
<rows>
<類別>中樞神經迷幻劑</類別>
<藥物名稱>西洛西賓</藥物名稱>
<俗名>魔菇</俗名>
<分級>第二級毒品</分級>
<醫療用途>無</醫療用途>
<濫用方式>口服</濫用方式>
<說明>一、緣起　　西洛西賓(Psilocybine或Psilocybin)係由引起幻覺的蕈類(Hallucinogenic-Mushrooms)所萃取，具迷幻、擬交感神經作用及類似麥角二乙胺 (LSD)之效果。二、危害性　　施用後之不良反應包括噁心、嘔吐、肌肉無力、呵欠、嗜睡、流淚、面潮紅、瞳孔放大、出汗、缺乏協調性等。魔菇的劑量很難控制，作用時間也不大相同，端視其種類、大小及成熟度而定。其他不良反應尚包括頭昏眼花、腹瀉、口乾、坐立不安等。食用後約20分鐘內，使用者即可感到肌肉放鬆、心跳過速、 瞳孔放大、口乾、噁心感及迷幻作用。較高劑量下則出現視覺上的幻覺及知覺扭曲，效用可維持至6小時。</說明>
<圖片>https://consumer.fda.gov.tw/Files/Drug_Abuse/293-01.JPG</圖片>
<圖片文字>西洛西賓</圖片文字>
</rows>
<rows>
<類別>中樞神經迷幻劑</類別>
<藥物名稱>PCP</藥物名稱>
<俗名>天使塵、Love boat</俗名>
<分級>第二級毒品</分級>
<醫療用途>無</醫療用途>
<濫用方式>口服、煙吸</濫用方式>
<說明>一、緣起　　Phencyclidine(PCP)俗稱天使塵(Angel dust)，於1960年代合成，主要作為麻醉之用，但隨後發現其會引起幻覺、躁動、胡言亂語、喪失方向感、精神分裂等副作用而逐漸被廢棄，並因其副作用會產生幻覺、欣快感而遭濫用，為歐美常見之濫用藥物。二、危害性　　吸食過量會產生意識模糊、失去方向感、知覺異常、躁動、好鬥、暴力傾向、產生幻覺(尤其是視幻及聽幻)、胡言亂語，過量時甚會導致死亡。</說明>
<圖片>https://consumer.fda.gov.tw/Files/Drug_Abuse/19/苯環利定.jpg</圖片>
<圖片文字>PCP</圖片文字>
</rows>
</dataList>
